#,"Country,Other",TotalCases,NewCases,TotalDeaths,NewDeaths,TotalRecovered,NewRecovered,ActiveCases,"Serious,Critical",Tot Cases/1M pop,Deaths/1M pop,TotalTests,Tests/,1M pop,,Population,Continent,1 Caseevery X ppl1 Deathevery X ppl1 Testevery X ppl,New Cases/1M pop,New Deaths/1M pop,Active Cases/1M pop
1,USA,"39,665,515",,"654,689 ",,"30,826,478",,"8,184,348","25,452","119,026","1,965","579,364,654","1,738,518","333,251,943 ",North America,85091,,,"24,559"
2,India,"32,737,939",+370,"438,387 ",,"31,923,405","+7,436","376,147","8,944","23,456",314,"520,146,525","372,673","1,395,716,635 ",Asia,"433,1843",0.3,,270
3,Brazil,"20,741,815",,"579,330 ",,"19,663,748",,"498,737","8,318","96,784","2,703","56,897,224","265,490","214,310,027 ",South America,103704,,,"2,327"
4,Russia,"6,882,827",,"181,637 ",,"6,148,250",,"552,940","2,300","47,140","1,244","178,100,000","1,219,804","146,007,035 ",Europe,218041,,,"3,787"
5,France,"6,742,488",,"114,210 ",,"6,196,723",,"431,555","2,270","103,032","1,745","121,518,857","1,856,923","65,440,981 ",Europe,105731,,,"6,595"
6,UK,"6,731,423",,"132,437 ",,"5,383,649",,"1,215,337",982,"98,558","1,939","266,714,771","3,905,088","68,299,300 ",Europe,105160,,,"17,794"
7,Turkey,"6,346,881",,"56,213 ",,"5,809,710",,"480,958",633,"74,328",658,"75,857,048","888,361","85,389,874 ",Asia,"131,5191",,,"5,632"
8,Argentina,"5,173,531",,"111,383 ",,"4,862,284",,"199,864","2,747","113,266","2,439","21,946,074","480,472","45,676,111 ",South America,94102,,,"4,376"
9,Iran,"4,926,964",,"106,482 ",,"4,146,742",,"673,740","7,877","57,803","1,249","28,213,229","330,996","85,237,281 ",Asia,178003,,,"7,904"
10,Colombia,"4,905,258",,"124,811 ",,"4,736,032",,"44,415","8,155","95,228","2,423","24,092,793","467,723","51,510,867 ",South America,114132,,,862
11,Spain,"4,831,809",,"84,000 ",,"4,258,193",,"489,616","1,685","103,297","1,796","60,618,810","1,295,944","46,775,781 ",Europe,105571,,,"10,467"
12,Italy,"4,530,246",,"129,093 ",,"4,260,106",,"141,047",525,"75,055","2,139","83,618,273","1,385,356","60,358,689 ",Europe,134681,,,"2,337"
13,Indonesia,"4,073,831",,"131,923 ",,"3,724,318",,"217,590",,"14,714",476,"31,866,410","115,094","276,872,695 ",Asia,"682,0999",,,786
14,Germany,"3,940,211",,"92,643 ",,"3,731,900","+5,200","115,668","1,008","46,855","1,102","68,329,706","812,535","84,094,524 ",Europe,219081,,,"1,375"
15,Mexico,"3,335,700","+6,837","258,165 ",+259,"2,669,941","+14,545","407,594","4,798","25,561","1,978","9,712,233","74,422","130,501,308 ",North America,3950513,52,2,"3,123"
16,Poland,"2,888,231",,"75,340 ",,"2,656,855",,"156,036",57,"76,411","1,993","19,711,583","521,491","37,798,527 ",Europe,135022,,,"4,128"
17,South Africa,"2,764,931",,"81,595 ",,"2,526,199",,"157,137",546,"45,949","1,356","16,393,971","272,442","60,174,219 ",Africa,227374,,,"2,611"
18,Ukraine,"2,284,940",+749,"53,738 ",+18,"2,206,683",+291,"24,519",177,"52,613","1,237","11,958,965","275,370","43,428,789 ",Europe,198084,17,0.4,565
19,Peru,"2,148,419",,"198,167 ",,N/A,N/A,N/A,"1,344","64,125","5,915","16,682,090","497,923","33,503,356 ",South America,161692,,,"6,853"
20,Philippines,"1,954,023",,"33,109 ",,"1,777,693",,"143,221","3,055","17,561",298,"18,604,323","167,201","111,269,043 ",Asia,"573,3616",,,"1,287"
21,Netherlands,"1,936,572",,"17,996 ",,"1,844,590",,"73,986",220,"112,730","1,048","16,593,808","965,945","17,178,832 ",Europe,99551,,,"4,307"
22,Iraq,"1,874,435",,"20,699 ",,"1,719,557",,"134,179",907,"45,424",502,"14,272,791","345,880","41,265,186 ",Asia,"221,9943",,,"3,252"
23,Malaysia,"1,706,089",,"16,087 ",,"1,422,005",,"267,997","1,009","51,942",490,"22,461,139","683,832","32,845,972 ",Asia,"192,0421",,,"8,159"
24,Czechia,"1,678,862",,"30,402 ",,"1,646,369",,"2,091",11,"156,435","2,833","35,792,034","3,335,070","10,732,018 ",Europe,63530,,,195
25,Chile,"1,637,829",,"36,885 ",,"1,594,585",,"6,359",724,"84,834","1,911","20,201,705","1,046,380","19,306,272 ",South America,125231,,,329
26,Bangladesh,"1,493,537",,"26,015 ",,"1,415,697",,"51,825","1,416","8,965",156,"8,869,393","53,241","166,589,449 ",Asia,"1126,40419",,,311
27,Canada,"1,489,813",,"26,901 ",,"1,433,095",,"29,817",274,"39,077",706,"40,235,533","1,055,346","38,125,449 ",North America,"261,4171",,,782
28,Japan,"1,434,370",,"15,896 ",,"1,173,112",,"245,362","2,070","11,381",126,"21,539,189","170,909","126,027,215 ",Asia,"887,9286",,,"1,947"
29,Thailand,"1,190,063","+15,972","11,399 ",+256,"1,002,527","+17,281","176,137","5,174","17,000",163,"8,129,670","116,133","70,003,048 ",Asia,"596,1419",228,4,"2,516"
30,Belgium,"1,177,909",,"25,360 ",,"1,093,676",,"58,873",182,"101,125","2,177","18,533,278","1,591,101","11,648,087 ",Europe,104591,,,"5,054"
31,Pakistan,"1,156,281","+3,800","25,670 ",+66,"1,036,921","+3,548","93,690","5,612","5,120",114,"17,704,220","78,389","225,850,310 ",Asia,"1958,79813",17,0.3,415
32,Sweden,"1,123,413",,"14,644 ",,"1,086,097",,"22,672",39,"110,439","1,440","11,757,024","1,155,795","10,172,237 ",Europe,96951,,,"2,229"
33,Romania,"1,096,753",,"34,528 ",,"1,054,246",,"7,979",269,"57,456","1,809","11,433,144","598,948","19,088,721 ",Europe,175532,,,418
34,Israel,"1,051,609",,"6,989 ",,"966,079",,"78,541",752,"112,761",749,"19,023,673","2,039,853","9,326,000 ",Asia,"91,3340",,,"8,422"
35,Portugal,"1,034,947",,"17,721 ",,"971,567",,"45,659",148,"101,843","1,744","16,856,683","1,658,761","10,162,213 ",Europe,105731,,,"4,493"
36,Morocco,"853,373",,"12,437 ",,"780,434",,"60,502","1,319","22,807",332,"8,915,626","238,277","37,417,024 ",Africa,"443,0094",,,"1,617"
37,Hungary,"811,706",,"30,057 ",,"775,286",,"6,363",8,"84,273","3,121","6,542,042","679,206","9,631,891 ",Europe,123201,,,661
38,Jordan,"795,161",,"10,383 ",,"773,065",,"11,713",611,"77,047","1,006","9,198,137","891,255","10,320,434 ",Asia,139941,,,"1,135"
39,Kazakhstan,"785,149","+5,222","9,222 ",+104,"667,096","+4,938","108,831",221,"41,244",484,"11,575,012","608,037","19,036,704 ",Asia,"242,0642",274,5,"5,717"
40,Switzerland,"770,758",,"10,967 ",,"705,104",,"54,687",223,"88,309","1,257","9,658,850","1,106,657","8,727,950 ",Europe,117961,,,"6,266"
41,Nepal,"759,222",,"10,714 ",,"712,712",,"35,796",,"25,526",360,"3,894,137","130,927","29,742,757 ",Asia,"392,7768",,,"1,204"
42,Serbia,"757,617",,"7,266 ",,"719,989",,"30,362",83,"87,117",836,"4,997,121","574,611","8,696,530 ",Europe,"111,1972",,,"3,491"
43,UAE,"716,381",,"2,038 ",,"702,102",,"12,241",,"71,433",203,"74,125,745","7,391,338","10,028,732 ",Asia,"144,9210",,,"1,221"
44,Austria,"685,956",,"10,781 ",,"660,098",,"15,077",112,"75,663","1,189","76,013,008","8,384,450","9,065,950 ",Europe,138410,,,"1,663"
45,Tunisia,"660,587",,"23,369 ",,"609,496",,"27,722",515,"55,225","1,954","2,571,450","214,972","11,961,817 ",Africa,185125,,,"2,318"
46,Cuba,"640,438",,"5,144 ",,"596,846",,"38,448",453,"56,583",454,"7,845,245","693,129","11,318,597 ",North America,"182,2001",,,"3,397"
47,Lebanon,"600,451",,"8,044 ",,"551,433",,"40,974",54,"88,432","1,185","4,759,054","700,894","6,789,974 ",Asia,118441,,,"6,034"
48,Greece,"581,315",,"13,581 ",,"530,205",,"37,529",334,"56,090","1,310","15,361,858","1,482,237","10,363,967 ",Europe,187631,,,"3,621"
49,Saudi Arabia,"544,004",,"8,532 ",,"532,126",,"3,346",952,"15,350",241,"27,329,589","771,128","35,441,074 ",Asia,"654,1541",,,94
50,Georgia,"543,118",,"7,251 ",,"482,732",,"53,135",,"136,452","1,822","7,973,106","2,003,150","3,980,284 ",Asia,75490,,,"13,350"
51,Ecuador,"501,140",,"32,232 ",,"443,880",,"25,028",759,"27,914","1,795","1,765,543","98,343","17,953,000 ",South America,3655710,,,"1,394"
52,Bolivia,"490,056",+254,"18,411 ",+9,"433,353",+743,"38,292",220,"41,330","1,553","2,276,507","191,992","11,857,290 ",South America,246445,21,0.8,"3,229"
53,Belarus,"479,306",,"3,757 ",,"472,505",,"3,044",,"50,743",398,"7,777,175","823,355","9,445,718 ",Europe,"202,5141",,,322
54,Guatemala,"465,059",,"11,858 ",,"400,378",,"52,823",5,"25,415",648,"2,178,407","119,047","18,298,724 ",North America,"391,5438",,,"2,887"
55,Paraguay,"458,334",,"15,723 ",,"436,831",,"5,780",130,"63,359","2,173","1,772,223","244,987","7,233,955 ",South America,164604,,,799
56,Panama,"456,666",,"7,046 ",,"441,655",,"7,965",108,"103,945","1,604","3,652,689","831,415","4,393,339 ",North America,106241,,,"1,813"
57,Costa Rica,"455,784",,"5,431 ",,"366,572",,"83,781",445,"88,536","1,055","2,006,420","389,748","5,147,995 ",North America,119483,,,"16,274"
58,Bulgaria,"451,599",,"18,731 ",,"404,359",,"28,509",298,"65,566","2,719","4,167,183","605,016","6,887,721 ",Europe,153682,,,"4,139"
59,Vietnam,"435,265",,"10,749 ",,"219,802",,"204,714",,"4,426",109,"16,083,797","163,531","98,352,977 ",Asia,"2269,1506",,,"2,081"
60,Sri Lanka,"426,169",,"8,775 ",,"357,598",,"59,796",,"19,806",408,"4,855,036","225,634","21,517,320 ",Asia,"502,4524",,,"2,779"
61,Azerbaijan,"417,996",,"5,553 ",,"361,128",,"51,315",,"40,800",542,"4,431,053","432,508","10,245,027 ",Asia,"251,8452",,,"5,009"
62,Kuwait,"409,552",,"2,417 ",,"404,558",,"2,577",89,"94,288",556,"3,761,073","865,880","4,343,644 ",Asia,"111,7971",,,593
63,Slovakia,"394,742",,"12,548 ",,"380,981",,"1,213",12,"72,261","2,297","3,311,147","606,136","5,462,709 ",Europe,144352,,,222
64,Myanmar,"392,300",,"15,183 ",,"311,952",,"65,165",,"7,155",277,"3,532,315","64,420","54,832,434 ",Asia,"1403,61116",,,"1,188"
65,Uruguay,"384,692",,"6,029 ",,"377,510",,"1,153",12,"110,300","1,729","3,315,862","950,734","3,487,686 ",South America,95781,,,331
66,Croatia,"373,191",,"8,325 ",,"361,535",,"3,331",51,"91,561","2,043","2,530,602","620,872","4,075,881 ",Europe,114902,,,817
67,Dominican Republic,"349,859",,"4,007 ",,"340,733",,"5,119",136,"31,881",365,"1,950,593","177,749","10,973,884 ",North America,"312,7396",,,466
68,Ireland,"349,773",,"5,092 ",,"294,457",,"50,224",60,"69,932","1,018","6,415,912","1,282,760","5,001,646 ",Europe,149821,,,"10,041"
69,Denmark,"344,088",,"2,580 ",,"328,434",,"13,074",19,"59,164",444,"80,757,776","13,885,813","5,815,848 ",Europe,"172,2540",,,"2,248"
70,Palestine,"337,405",,"3,672 ",,"316,998",,"16,735",46,"64,410",701,"2,158,580","412,070","5,238,388 ",Asia,"161,4272",,,"3,195"
71,Honduras,"335,398",,"8,832 ",,"106,597",,"219,969",654,"33,251",876,"968,331","96,000","10,086,829 ",North America,"301,14210",,,"21,808"
72,Venezuela,"333,125",,"3,998 ",,"318,211",,"10,916",681,"11,754",141,"3,359,014","118,515","28,342,457 ",South America,"857,0898",,,385
73,Ethiopia,"306,117",,"4,644 ",,"274,577",,"26,896",602,"2,589",39,"3,225,641","27,278","118,251,683 ",Africa,"38625,46337",,,227
74,Libya,"305,793",,"4,184 ",,"218,534",,"83,075",,"43,814",599,"1,510,454","216,415","6,979,424 ",Africa,"231,6685",,,"11,903"
75,Oman,"302,132",,"4,057 ",,"291,532",,"6,543",60,"57,477",772,"1,550,000","294,869","5,256,567 ",Asia,"171,2963",,,"1,245"
76,Lithuania,"297,777",,"4,539 ",,"279,529",,"13,709",100,"111,187","1,695","4,402,764","1,643,951","2,678,160 ",Europe,95901,,,"5,119"
77,Egypt,"287,899",,"16,721 ",,"238,249",,"32,929",90,"2,753",160,"3,068,679","29,347","104,565,754 ",Africa,"3636,25434",,,315
78,Bahrain,"272,341",,"1,388 ",,"270,005",,948,2,"153,889",784,"5,900,926","3,334,369","1,769,728 ",Asia,"61,2750",,,536
79,Moldova,"266,988",,"6,394 ",,"257,114",,"3,480",67,"66,364","1,589","1,564,641","388,916","4,023,086 ",Europe,156293,,,865
80,Slovenia,"266,514",,"4,448 ",,"256,994",,"5,072",13,"128,177","2,139","1,443,313","694,144","2,079,269 ",Europe,84671,,,"2,439"
81,S. Korea,"250,051","+1,483","2,284 ",+5,"220,358","+1,632","27,409",396,"4,872",45,"13,049,684","254,279","51,320,354 ",Asia,"20522,4704",29,0.10,534
82,Armenia,"241,336",,"4,823 ",,"226,292",,"10,221",,"81,267","1,624","1,530,099","515,243","2,969,665 ",Asia,126162,,,"3,442"
83,Kenya,"234,952",,"4,710 ",,"220,953",,"9,289",149,"4,261",85,"2,363,524","42,864","55,139,693 ",Africa,"23511,70723",,,168
84,Qatar,"232,366",,602 ,,"229,046",,"2,718",23,"82,757",214,"2,492,185","887,592","2,807,805 ",Asia,"124,6641",,,968
85,Bosnia and Herzegovina,"212,306",,"9,785 ",,"192,218",,"10,303",,"65,182","3,004","1,132,357","347,655","3,257,131 ",Europe,153333,,,"3,163"
86,Mongolia,"211,080","+2,209",931 ,+4,"190,819","+1,795","19,330",192,"63,210",279,"3,647,780","1,092,360","3,339,356 ",Asia,"163,5871",662,1,"5,789"
87,Zambia,"206,051",,"3,596 ",,"200,662",,"1,793",118,"10,857",189,"2,263,831","119,287","18,978,045 ",Africa,"925,2788",,,94
88,Algeria,"195,162",,"5,209 ",,"132,667",,"57,286",39,"4,360",116,"230,861","5,157","44,766,608 ",Africa,"2298,594194",,,"1,280"
89,Nigeria,"191,345",,"2,454 ",,"178,283",,"10,608",11,902,12,"2,727,834","12,865","212,038,975 ",Africa,"1,10886,40578",,,50
90,Kyrgyzstan,"175,589",+152,"2,524 ",+6,"169,417",+300,"3,648",131,"26,410",380,"1,635,882","246,046","6,648,692 ",Asia,"382,6344",23,0.9,549
91,North Macedonia,"175,330",,"5,869 ",,"155,101",,"14,360",,"84,161","2,817","1,149,699","551,871","2,083,275 ",Europe,123552,,,"6,893"
92,Norway,"157,040",,814 ,,"88,952",,"67,274",10,"28,707",149,"7,017,791","1,282,878","5,470,349 ",Europe,"356,7201",,,"12,298"
93,Uzbekistan,"155,639",+795,"1,075 ",+5,"147,903",+660,"6,661",23,"4,574",32,"1,377,915","40,491","34,030,450 ",Asia,"21931,65625",23,0.1,196
94,Botswana,"153,793",,"2,213 ",,"144,254",,"7,326",1,"63,907",920,"1,629,455","677,105","2,406,504 ",Africa,"161,0871",,,"3,044"
95,Afghanistan,"153,144",,"7,116 ",,"109,921",,"36,107","1,124","3,834",178,"751,100","18,805","39,941,121 ",Asia,"2615,61353",,,904
96,Mozambique,"145,863",,"1,851 ",,"131,533",,"12,479",32,"4,521",57,"846,662","26,240","32,265,861 ",Africa,"22117,43238",,,387
97,Albania,"144,847",,"2,492 ",,"133,125",,"9,230",3,"50,396",867,"1,042,177","362,603","2,874,152 ",Europe,"201,1533",,,"3,211"
98,Latvia,"142,319",,"2,573 ",,"137,561",,"2,185",21,"76,434","1,382","3,457,841","1,857,078","1,861,979 ",Europe,137241,,,"1,173"
99,Estonia,"141,344",,"1,289 ",,"133,408",,"6,647",13,"106,468",971,"1,745,301","1,314,658","1,327,570 ",Europe,"91,0301",,,"5,007"
100,Finland,"126,093",,"1,018 ",,"46,000",,"79,075",23,"22,717",183,"6,506,973","1,172,280","5,550,701 ",Europe,"445,4531",,,"14,246"
101,Namibia,"124,716",,"3,372 ",,"118,813",,"2,531",27,"48,077","1,300","657,045","253,283","2,594,110 ",Africa,217694,,,976
102,Zimbabwe,"124,437",,"4,401 ",,"111,534",,"8,502",12,"8,234",291,"1,258,818","83,292","15,113,267 ",Africa,"1213,43412",,,563
103,Uganda,"119,732",,"2,991 ",,"95,476",,"21,265",356,"2,526",63,"1,573,499","33,192","47,406,621 ",Africa,"39615,85030",,,449
104,Ghana,"117,636",,"1,008 ",,"109,612",,"7,016",61,"3,697",32,"1,598,732","50,239","31,822,474 ",Africa,"27131,57020",,,220
105,Montenegro,"114,364",,"1,716 ",,"104,522",,"8,126",11,"182,062","2,732","616,789","981,901","628,158 ",Europe,53661,,,"12,936"
106,Cyprus,"113,277",,499 ,,"90,755",,"22,023",92,"93,037",410,"9,366,973","7,693,347","1,217,542 ",Asia,"112,4400",,,"18,088"
107,El Salvador,"94,060",,"2,898 ",,"79,740",,"11,422",145,"14,417",444,"1,204,834","184,673","6,524,136 ",North America,"692,2515",,,"1,751"
108,Cambodia,"92,616",+408,"1,892 ",+11,"88,443",+324,"2,281",,"5,452",111,"3,074,106","180,971","16,986,723 ",Asia,"1838,9786",24,0.6,134
109,Rwanda,"86,613",,"1,079 ",,"45,288",,"40,246",44,"6,501",81,"2,426,222","182,109","13,322,944 ",Africa,"15412,3475",,,"3,021"
110,Cameroon,"83,425",,"1,350 ",,"80,433",,"1,642",152,"3,055",49,"1,751,774","64,147","27,308,831 ",Africa,"32720,22916",,,60
111,Maldives,"80,791",,226 ,,"78,894",,"1,671",18,"146,479",410,"1,336,013","2,422,275","551,553 ",Asia,"72,4410",,,"3,030"
112,Luxembourg,"75,517",,830 ,,"73,790",,897,5,"118,410","1,301","3,403,361","5,336,446","637,758 ",Europe,87680,,,"1,406"
113,Senegal,"72,709",,"1,749 ",,"61,007",,"9,953",38,"4,214",101,"736,309","42,677","17,253,244 ",Africa,"2379,86523",,,577
114,Singapore,"67,304",,55 ,,"66,092",,"1,157",6,"11,400",9,"17,338,504","2,936,916","5,903,644 ",Asia,"88107,3390",,,196
115,Jamaica,"66,663",,"1,504 ",,"48,095",,"17,064",67,"22,399",505,"545,088","183,152","2,976,148 ",North America,"451,9795",,,"5,734"
116,Malawi,"60,345",,"2,161 ",,"47,251",,"10,933",285,"3,063",110,"384,283","19,506","19,700,604 ",Africa,"3269,11651",,,555
117,Ivory Coast,"55,108",,430 ,,"53,397",,"1,281",,"2,031",16,"888,751","32,756","27,132,504 ",Africa,"49263,09931",,,47
118,DRC,"54,508",,"1,057 ",,"30,858",,"22,593",,588,11,"306,299","3,304","92,701,705 ",Africa,"1,70187,703303",,,244
119,Australia,"52,624","+1,368","1,003 ",+4,"32,942",,"18,679",125,"2,036",39,"31,321,750","1,212,029","25,842,408 ",Australia/Oceania,"49125,7651",53,0.2,723
120,Réunion,"48,683",,332 ,,"45,980",,"2,371",33,"53,930",368,"173,764","192,490","902,715 ",Africa,"192,7195",,,"2,627"
121,Angola,"47,168",,"1,201 ",,"43,257",,"2,710",8,"1,385",35,"830,836","24,404","34,045,209 ",Africa,"72228,34741",,,80
122,Fiji,"46,027",,479 ,,"25,951",,"19,597",39,"50,916",530,"372,647","412,233","903,971 ",Australia/Oceania,"201,8872",,,"21,679"
123,Guadeloupe,"45,277",,439 ,,"2,250",,"42,588",23,"113,135","1,097","369,615","923,569","400,203 ",North America,99121,,,"106,416"
124,Trinidad and Tobago,"44,481",,"1,278 ",,"38,611",,"4,592",22,"31,665",910,"307,291","218,753","1,404,742 ",North America,"321,0995",,,"3,269"
125,Madagascar,"42,862",,955 ,,"41,295",,612,9,"1,503",33,"241,052","8,454","28,512,838 ",Africa,"66529,856118",,,21
126,Eswatini,"42,828",,"1,081 ",,"33,549",,"8,198",10,"36,478",921,"314,771","268,101","1,174,074 ",Africa,"271,0864",,,"6,983"
127,French Polynesia,"40,178",,385 ,,"33,500",,"6,293",55,"142,077","1,361","26,355","93,196","282,790 ",Australia/Oceania,773511,,,"22,253"
128,Sudan,"37,699",,"2,831 ",,"31,630",,"3,238",,837,63,"238,579","5,298","45,031,763 ",Africa,"1,19515,907189",,,72
129,Malta,"36,089",,440 ,,"34,618",,"1,031",2,"81,482",993,"1,184,836","2,675,141","442,906 ",Europe,"121,0070",,,"2,328"
130,Cabo Verde,"35,227",,309 ,,"34,114",,804,23,"62,572",549,"208,220","369,854","562,979 ",Africa,"161,8223",,,"1,428"
131,Martinique,"34,845",,405 ,,104,,"34,336",1,"92,938","1,080","315,249","840,828","374,927 ",North America,119261,,,"91,580"
132,French Guiana,"34,375",,215 ,,"9,995",,"24,165",27,"111,745",699,"358,023","1,163,852","307,619 ",South America,"91,4311",,,"78,555"
133,Mauritania,"33,309",,705 ,,"29,987",,"2,617",16,"6,953",147,"441,518","92,161","4,790,733 ",Africa,"1446,79511",,,546
134,Guinea,"29,209",,326 ,,"26,658",,"2,225",24,"2,157",24,"534,667","39,477","13,543,911 ",Africa,"46441,54625",,,164
135,Suriname,"28,840",,715 ,,"24,171",,"3,954",12,"48,657","1,206","102,969","173,723","592,720 ",South America,218296,,,"6,671"
136,Syria,"27,654",,"2,003 ",,"22,429",,"3,222",,"1,537",111,"103,566","5,756","17,991,592 ",Asia,"6518,982174",,,179
137,Gabon,"25,819",,165 ,,"25,565",,89,6,"11,292",72,"1,078,893","471,876","2,286,390 ",Africa,"8913,8572",,,39
138,Guyana,"25,323",,611 ,,"22,878",,"1,834",26,"32,016",772,"265,263","335,372","790,951 ",South America,"311,2953",,,"2,319"
139,Togo,"21,181",,180 ,,"16,691",,"4,310",,"2,491",21,"460,738","54,186","8,502,825 ",Africa,"40147,23818",,,507
140,Haiti,"20,850",,584 ,,"17,669",,"2,597",,"1,803",51,"107,702","9,314","11,563,434 ",North America,"55519,800107",,,225
141,Seychelles,"19,777",,104 ,,"19,053",,620,,"199,661","1,050","21,504","217,096","99,053 ",Africa,59525,,,"6,259"
142,Mayotte,"19,739",,175 ,,"2,964",,"16,600",1,"70,392",624,"176,919","630,916","280,416 ",Africa,"141,6022",,,"59,198"
143,Bahamas,"17,940",,354 ,,"14,595",,"2,991",19,"45,121",890,"132,232","332,579","397,596 ",North America,"221,1233",,,"7,523"
144,Papua New Guinea,"17,838",,192 ,,"17,547",,99,7,"1,951",21,"150,870","16,501","9,142,952 ",Australia/Oceania,"51347,62061",,,11
145,Somalia,"17,302",,963 ,,"8,363",,"7,976",,"1,055",59,"198,186","12,081","16,404,877 ",Africa,"94817,03583",,,486
146,Tajikistan,"16,778",,124 ,,"16,618",,36,,"1,715",13,,,"9,785,118 ",Asia,"58378,912",,,4
147,Timor-Leste,"16,402",,62 ,,"11,786",,"4,554",,"12,172",46,"169,501","125,792","1,347,474 ",Asia,"8221,7338",,,"3,380"
148,Belize,"16,012",,356 ,,"14,607",,"1,049",3,"39,441",877,"217,117","534,805","405,974 ",North America,"251,1402",,,"2,584"
149,Taiwan,"15,983",,834 ,,"14,941",,208,,670,35,"4,852,685","203,324","23,866,760 ",Asia,"1,49328,6175",,,9
150,Curaçao,"15,248",,143 ,,"14,658",,447,4,"92,484",867,"235,171","1,426,394","164,871 ",North America,"111,1531",,,"2,711"
151,Andorra,"15,025",,130 ,,"14,821",,74,7,"194,101","1,679","193,595","2,500,969","77,408 ",Europe,55950,,,956
152,Mali,"14,857",,539 ,,"14,095",,223,,710,26,"380,416","18,181","20,923,768 ",Africa,"1,40838,82055",,,11
153,Laos,"14,641",,12 ,,"4,928",,"9,701",,"1,979",2,"375,133","50,709","7,397,717 ",Asia,"505616,47620",,,"1,311"
154,Aruba,"14,465",,137 ,,"13,758",,570,14,"134,820","1,277","177,885","1,657,968","107,291 ",North America,77831,,,"5,313"
155,Lesotho,"14,395",,403 ,,"6,830",,"7,162",,"6,658",186,"146,630","67,824","2,161,922 ",Africa,"1505,36515",,,"3,313"
156,Burkina Faso,"13,762",,171 ,,"13,516",,75,,638,8,"211,697","9,817","21,564,747 ",Africa,"1,567126,110102",,,3
157,Congo,"13,533",,183 ,,"12,421",,929,,"2,385",32,"188,207","33,165","5,674,921 ",Africa,"41931,01030",,,164
158,Benin,"13,366",,128 ,,"8,854",,"4,384",5,"1,070",10,"604,310","48,385","12,489,743 ",Africa,"93497,57621",,,351
159,Hong Kong,"12,108",,212 ,,"11,783",,113,,"1,600",28,"23,570,776","3,114,763","7,567,439 ",Asia,"62535,6950",,,15
160,Burundi,"11,994",,38 ,,773,,"11,183",,975,3,"345,742","28,111","12,299,274 ",Africa,"1,025323,66536",,,909
161,Djibouti,"11,741",,157 ,,"11,540",,44,,"11,687",156,"205,913","204,965","1,004,624 ",Africa,"866,3995",,,44
162,South Sudan,"11,403",,120 ,,"10,948",,335,,"1,005",11,"212,924","18,767","11,345,654 ",Africa,"99594,54753",,,30
163,CAR,"11,270",,99 ,,"6,859",,"4,312",2,"2,287",20,"60,228","12,224","4,926,875 ",Africa,"43749,76682",,,875
164,Nicaragua,"11,167",,199 ,,"4,225",,"6,743",,"1,663",30,,,"6,715,794 ",North America,"60133,748",,,"1,004"
165,Iceland,"10,658",,33 ,,"9,781",,844,14,"31,000",96,"968,146","2,815,941","343,809 ",Europe,"3210,4180",,,"2,455"
166,Channel Islands,"10,486",,95 ,,"9,957",,434,,"59,675",541,"809,829","4,608,659","175,719 ",Europe,"171,8500",,,"2,470"
167,Gambia,"9,626",,314 ,,"9,194",,118,3,"3,858",126,"101,817","40,808","2,495,008 ",Africa,"2597,94625",,,47
168,Equatorial Guinea,"9,326",,124 ,,"8,860",,342,1,"6,405",85,"195,087","133,977","1,456,118 ",Africa,"15611,7437",,,235
169,Mauritius,"8,667",,27 ,,"1,854",,"6,786",,"6,802",21,"358,675","281,487","1,274,215 ",Africa,"14747,1934",,,"5,326"
170,Saint Lucia,"8,111",,103 ,,"6,033",,"1,975",2,"43,938",558,"68,954","373,532","184,600 ",North America,"231,7923",,,"10,699"
171,Yemen,"7,784",,"1,461 ",,"4,797",,"1,526",23,255,48,"244,784","8,003","30,584,887 ",Asia,"3,92920,934125",,,50
172,Eritrea,"6,640",,37 ,,"6,590",,13,,"1,843",10,"23,693","6,576","3,603,221 ",Africa,"54397,384152",,,4
173,Isle of Man,"6,629",,38 ,,"6,046",,545,1,"77,483",444,"83,753","978,949","85,554 ",Europe,"132,2511",,,"6,370"
174,Sierra Leone,"6,363",,121 ,,"4,355",,"1,887",,779,15,"160,729","19,686","8,164,462 ",Africa,"1,28367,47551",,,231
175,Niger,"5,839",,198 ,,"5,517",,124,,232,8,"142,455","5,649","25,216,020 ",Africa,"4,319127,354177",,,5
176,Guinea-Bissau,"5,766",,117 ,,"4,780",,869,4,"2,852",58,"91,371","45,195","2,021,721 ",Africa,"35117,28022",,,430
177,Liberia,"5,459",,148  ,,"2,715",,"2,596",2,"1,051",28,"128,246","24,687","5,194,977 ",Africa,"95235,10141",,,500
178,Gibraltar,"5,338",,97 ,,"5,151",,90,2,"158,496","2,880","335,572","9,963,835","33,679 ",Europe,63470,,,"2,672"
179,San Marino,"5,261",,90 ,,"5,119",,52,1,"154,672","2,646","74,465","2,189,246","34,014 ",Europe,63780,,,"1,529"
180,Chad,"4,991",,174 ,,"4,809",,8,,294,10,"138,673","8,172","16,969,659 ",Africa,"3,40097,527122",,,0.5
181,Barbados,"4,931",,49 ,,"4,621",,261,,"17,134",170,"259,396","901,360","287,783 ",North America,"585,8731",,,907
182,Comoros,"4,062",,147 ,,"3,898",,17,,"4,559",165,,,"891,005 ",Africa,"2196,061",,,19
183,Sint Maarten,"3,641",,49 ,,"3,280",,312,14,"83,817","1,128","41,509","955,548","43,440 ",North America,128871,,,"7,182"
184,New Zealand,"3,519",+55,26 ,,"2,890",+3,603,5,704,5,"2,967,673","593,285","5,002,100 ",Australia/Oceania,"1,421192,3882",11,,121
185,Saint Martin,"3,273",,42 ,,"1,399",,"1,832",7,"83,010","1,065","54,303","1,377,235","39,429 ",North America,129391,,,"46,463"
186,Liechtenstein,"3,263",,59 ,,"3,136",,68,3,"85,296","1,542","49,126","1,284,172","38,255 ",Europe,126481,,,"1,778"
187,Monaco,"3,183",,33 ,,"3,062",,88,6,"80,452",834,"54,960","1,389,142","39,564 ",Europe,"121,1991",,,"2,224"
188,Bermuda,"2,844",,33 ,,"2,656",,155,1,"45,863",532,"454,943","7,336,489","62,011 ",North America,"221,8790",,,"2,500"
189,Turks and Caicos,"2,650",,20 ,,"2,541",,89,1,"67,391",509,"94,789","2,410,523","39,323 ",North America,"151,9660",,,"2,263"
190,Bhutan,"2,594",,3 ,,"2,567",,24,,"3,319",4,"798,573","1,021,918","781,445 ",Asia,"301260,4821",,,31
191,Sao Tome and Principe,"2,590",,37 ,,"2,424",,129,,"11,570",165,"14,689","65,616","223,864 ",Africa,"866,05015",,,576
192,British Virgin Islands,"2,568",,37 ,,"2,500",,31,7,"84,296","1,215","77,252","2,535,846","30,464 ",North America,128230,,,"1,018"
193,Brunei ,"2,462",,7 ,,664,,"1,791",29,"5,566",16,"223,861","506,095","442,330 ",Asia,"18063,1902",,,"4,049"
194,St. Vincent Grenadines,"2,331",,12 ,,"2,301",,18,2,"20,934",108,"66,535","597,541","111,348 ",North America,"489,2792",,,162
195,Caribbean Netherlands,"1,787",,17 ,,"1,721",,49,,"67,421",641,"20,707","781,249","26,505 ",North America,"151,5591",,,"1,849"
196,Antigua and Barbuda,"1,651",,43 ,,"1,338",,270,9,"16,699",435,"17,409","176,083","98,868 ",North America,"602,2996",,,"2,731"
197,Dominica,"1,638",,4 ,,996,,638,,"22,689",55,"47,723","661,047","72,193 ",North America,"4418,0482",,,"8,837"
198,St. Barth,"1,520",,2 ,,462,,"1,056",,"153,349",202,"38,369","3,870,964","9,912 ",North America,"74,9560",,,"106,538"
199,Tanzania,"1,367",,50 ,,183,,"1,134",7,22,0.8,,,"61,697,294 ",Africa,"45,1331,233,946",,,18
200,Saint Kitts and Nevis,"1,053",,3 ,,621,,429,1,"19,633",56,"29,973","558,833","53,635 ",North America,"5117,8782",,,"7,999"
201,Faeroe Islands,"1,000",,2 ,,992,,6,,"20,376",41,"405,000","8,252,170","49,078 ",Europe,"4924,5390",,,122
202,Diamond Princess,712,,13 ,,699,,0,,,,,, ,,,,,
203,Cayman Islands,669,,2 ,,654,,13,,"10,043",30,"124,962","1,875,884","66,615 ",North America,"10033,3081",,,195
204,Wallis and Futuna,445,,7 ,,438,,0,,"40,418",636,"20,508","1,862,670","11,010 ",Australia/Oceania,"251,5731",,,
205,Grenada,357,,1 ,,192,,164,,"3,156",9,"57,956","512,309","113,127 ",North America,"317113,1272",,,"1,450"
206,Greenland,333,, ,,259,,74,2,"5,854",,"57,192","1,005,415","56,884 ",North America,1711,,,"1,301"
207,Anguilla,201,, ,,170,,31,,"13,260",,"38,936","2,568,677","15,158 ",North America,750,,,"2,045"
208,New Caledonia,136,, ,,58,,78,,471,,"41,120","142,443","288,677 ",Australia/Oceania,"2,1237",,,270
209,Falkland Islands,66,, ,,63,,3,,"18,349",,"7,409","2,059,772","3,597 ",South America,550,,,834
210,Macao,63,, ,,60,,3,,96,,"4,778","7,244","659,579 ",Asia,"10,470138",,,5
211,Saint Pierre Miquelon,30,, ,,30,,0,,"5,207",,"7,800","1,353,932","5,761 ",North America,1921,,,
212,Vatican City,27,, ,,27,,0,,"33,624",,,,803 ,Europe,30,,,
213,Montserrat,26,,1 ,,20,,5,,"5,205",200,"1,408","281,882","4,995 ",North America,"1924,9954",,,"1,001"
214,Solomon Islands,20,, ,,20,,0,,28,,"4,500","6,371","706,335 ",Australia/Oceania,"35,317157",,,
215,Western Sahara,10,,1 ,,8,,1,,16,2,,,"614,297 ",Africa,"61,430614,297",,,2
216,MS Zaandam,9,,2 ,,7,,0,,,,,, ,,,,,
217,Vanuatu,4,,1 ,,3,,0,,13,3,"23,000","72,915","315,435 ",Australia/Oceania,"78,859315,43514",,,
218,Marshall Islands,4,, ,,4,,0,,67,,,,"59,653 ",Australia/Oceania,"14,913",,,
219,Samoa,3,, ,,3,,0,,15,,,,"199,942 ",Australia/Oceania,"66,647",,,
220,Palau,2,, ,,,,2,,110,,"8,221","451,852","18,194 ",Australia/Oceania,"9,0972",,,110
221,Saint Helena,2,, ,,2,,0,,328,,,,"6,098 ",Africa,"3,049",,,
222,Micronesia,1,, ,,1,,0,,9,,,,"116,419 ",Australia/Oceania,"116,419",,,
